{"xCell":[9.999999999999949E-5],"yCell":[-9.999999999999949E-5],"unit":[""],"maxVal":[28.049882888793945],"minVal":[27.75200080871582],"yLen":[2500],"yOri":[9.995004882812514],"xOri":[115.39499725341797],"xLen":[3300]}