{
    "xCell": [
        9.999999999999949E-5
    ],
    "yCell": [
        -9.999999999999949E-5
    ],
    "unit": [
        ""
    ],
    "maxVal": [
        55
    ],
    "minVal": [
        45
    ],
    "yLen": [
        129
    ],
    "yOri": [
        16.512522764597346
    ],
    "xOri": [
        111.57948993195815
    ],
    "xLen": [
        124
    ]
}